UniProtKB	P25713	MT3		GO:0016209	PMID:12383939	NAS		F	Metallothionein-3		protein	NCBITaxon:9606	20031202	UniProt	
UniProtKB	Q9Y5Z9	UBIAD1		GO:0016209	PMID:23374346	IMP		F	UbiA prenyltransferase domain-containing protein 1	TERE1	protein	NCBITaxon:9606	20130423	UniProt	
UniProtKB	P06702	S100A9		GO:0016209	GO_REF:0000043	IEA	UniProtKB-KW:KW-0049	F	Protein S100-A9	CAGB|CFAG|MRP14	protein	NCBITaxon:9606	20210612	UniProt	
UniProtKB	Q7RTV5	PRXL2C		GO:0016209	PMID:21873635	IBA	PANTHER:PTN002008122|UniProtKB:Q9BRX8	F	Peroxiredoxin-like 2C	AAED1|C9orf21	protein	NCBITaxon:9606	20170228	GO_Central	
UniProtKB	P63302	SELENOW		GO:0016209	GO_REF:0000043	IEA	UniProtKB-KW:KW-0049	F	Selenoprotein W	SELW|SEPW1	protein	NCBITaxon:9606	20210612	UniProt	
UniProtKB	P06727	APOA4		GO:0016209	PMID:16945374	IDA		F	Apolipoprotein A-IV		protein	NCBITaxon:9606	20070110	HGNC-UCL	
UniProtKB	Q9BRX8	PRXL2A		GO:0016209	PMID:19951071	IDA		F	Peroxiredoxin-like 2A	C10orf58|FAM213A|PAMM|PRO2290|PSEC0139|UNQ611/PRO1198	protein	NCBITaxon:9606	20110918	UniProt	
UniProtKB	Q9BRX8	PRXL2A		GO:0016209	PMID:21873635	IBA	PANTHER:PTN002008122|UniProtKB:Q9BRX8	F	Peroxiredoxin-like 2A	C10orf58|FAM213A|PAMM|PRO2290|PSEC0139|UNQ611/PRO1198	protein	NCBITaxon:9606	20170228	GO_Central	
UniProtKB	Q9BQE4	SELENOS		GO:0016209	PMID:15063746	IDA		F	Selenoprotein S	SELS|VIMP|AD-015|SBBI8	protein	NCBITaxon:9606	20040804	UniProt	
UniProtKB	P02768	ALB		GO:0016209	PMID:14726550	NAS		F	Albumin	GIG20|GIG42|PRO0903|PRO1708|PRO2044|PRO2619|PRO2675|UNQ696/PRO1341	protein	NCBITaxon:9606	20040416	UniProt	
UniProtKB	P02649	APOE		GO:0016209	PMID:9685360	IDA		F	Apolipoprotein E		protein	NCBITaxon:9606	20080212	BHF-UCL	
UniProtKB	P04040	CAT		GO:0016209	PMID:10514471	IDA		F	Catalase		protein	NCBITaxon:9606	20120425	UniProt	
UniProtKB	Q8TBF2	PRXL2B		GO:0016209	PMID:21873635	IBA	PANTHER:PTN002008122|UniProtKB:Q9BRX8	F	Prostamide/prostaglandin F synthase	C1orf93|FAM213B	protein	NCBITaxon:9606	20170228	GO_Central	
UniProtKB	Q96A56	TP53INP1		GO:0016209	GO_REF:0000024	ISS	UniProtKB:Q9QXE4	F	Tumor protein p53-inducible nuclear protein 1	P53DINP1|SIP	protein	NCBITaxon:9606	20120424	UniProt	
UniProtKB	P00738	HP		GO:0016209	GO_REF:0000043	IEA	UniProtKB-KW:KW-0049	F	Haptoglobin		protein	NCBITaxon:9606	20210612	UniProt	
UniProtKB	P32119	PRDX2		GO:0016209	PMID:12943237	NAS		F	Peroxiredoxin-2	NKEFB|TDPX1	protein	NCBITaxon:9606	20050810	UniProt	
UniProtKB	P32119	PRDX2		GO:0016209	PMID:8144038	IDA		F	Peroxiredoxin-2	NKEFB|TDPX1	protein	NCBITaxon:9606	20060419	UniProt	
UniProtKB	P07148	FABP1		GO:0016209	PMID:16175609	IDA		F	Fatty acid-binding protein, liver	FABPL	protein	NCBITaxon:9606	20120319	UniProt	
UniProtKB	O95445	APOM		GO:0016209	PMID:22204862	IDA		F	Apolipoprotein M	G3A|NG20|HSPC336	protein	NCBITaxon:9606	20120531	BHF-UCL	
UniProtKB	Q7LBC6	KDM3B		GO:0016209	GO_REF:0000107	IEA	UniProtKB:M0RDF1|ensembl:ENSRNOP00000067649	F	Lysine-specific demethylase 3B	C5orf7|JHDM2B|JMJD1B|KIAA1082	protein	NCBITaxon:9606	20210612	Ensembl	
UniProtKB	A3KN74	GPX6		GO:0004601	PMID:21873635	IBA	PANTHER:PTN000173826|MGI:MGI:105102|UniProtKB:Q8I5T2|UniProtKB:P36969|UniProtKB:P22352|FB:FBgn0035438|UniProtKB:Q8TED1|SGD:S000001509|RGD:727780|TAIR:locus:2031331|UniProtKB:Q96SL4|MGI:MGI:106609|UniProtKB:P00435|UniProtKB:Q6JAH6|RGD:2729|SGD:S000001476|RGD:69226|MGI:MGI:104887|SGD:S000000448|MGI:MGI:104767|UniProtKB:P07203|RGD:69224	F	GPX6 protein	hCG_1643762	protein	NCBITaxon:9606	20200929	GO_Central	
UniProtKB	A3KN74	GPX6		GO:0004602	PMID:21873635	IBA	PANTHER:PTN000904512|MGI:MGI:104887|RGD:69224|RGD:727780|UniProtKB:P07203|MGI:MGI:106609|MGI:MGI:105102|UniProtKB:P00435|RGD:2729|UniProtKB:P22352	F	GPX6 protein	hCG_1643762	protein	NCBITaxon:9606	20181129	GO_Central	
UniProtKB	P20292	ALOX5AP		GO:0004602	PMID:21873635	IBA	PANTHER:PTN000028575|RGD:1306373|RGD:1311218|UniProtKB:O14880|UniProtKB:Q99735	F	Arachidonate 5-lipoxygenase-activating protein	FLAP	protein	NCBITaxon:9606	20200807	GO_Central	
UniProtKB	P15559	NQO1		GO:0004784	GO_REF:0000107	IEA	UniProtKB:P05982|ensembl:ENSRNOP00000017175	F	NAD(P)H dehydrogenase [quinone] 1	DIA4|NMOR1	protein	NCBITaxon:9606	20210612	Ensembl	
UniProtKB	P62341	SELENOT		GO:0004791	GO_REF:0000024	ISS	UniProtKB:Q1H5H1	F	Thioredoxin reductase-like selenoprotein T	SELT|UNQ150/PRO176	protein	NCBITaxon:9606	20170215	UniProt	
UniProtKB	P62341	SELENOT		GO:0004791	PMID:21873635	IBA	PANTHER:PTN000338896|RGD:1359128	F	Thioredoxin reductase-like selenoprotein T	SELT|UNQ150/PRO176	protein	NCBITaxon:9606	20200807	GO_Central	
UniProtKB	P58004	SESN2		GO:0032542	PMID:15105503	IDA		F	Sestrin-2	Hi95|SEST2	protein	NCBITaxon:9606	20160425	UniProt	
UniProtKB	P23219	PTGS1		GO:0004601	GO_REF:0000043	IEA	UniProtKB-KW:KW-0575	F	Prostaglandin G/H synthase 1	COX1	protein	NCBITaxon:9606	20210612	UniProt	
UniProtKB	Q92626	PXDN		GO:0004601	PMID:18929642	IDA		F	Peroxidasin homolog	KIAA0230|MG50|PRG2|VPO|VPO1	protein	NCBITaxon:9606	20091207	UniProt	
UniProtKB	Q92626	PXDN		GO:0004601	PMID:19590037	IDA		F	Peroxidasin homolog	KIAA0230|MG50|PRG2|VPO|VPO1	protein	NCBITaxon:9606	20091208	UniProt	
UniProtKB	Q92626	PXDN		GO:0019806	PMID:22842973	IDA		F	Peroxidasin homolog	KIAA0230|MG50|PRG2|VPO|VPO1	protein	NCBITaxon:9606	20190521	FlyBase	GO:0030199
UniProtKB	Q92626	PXDN		GO:0004601	PMID:21873635	IBA	PANTHER:PTN000158755|FB:FBgn0038465|RGD:1592081|MGI:MGI:97137|MGI:MGI:1923363|UniProtKB:P80025|WB:WBGene00009897|ZFIN:ZDB-GENE-030131-9460|UniProtKB:A0A287AZ10|dictyBase:DDB_G0277275|MGI:MGI:107569|UniProtKB:P05164|WB:WBGene00022743|UniProtKB:P22079|UniProtKB:Q92626|FB:FBgn0004577	F	Peroxidasin homolog	KIAA0230|MG50|PRG2|VPO|VPO1	protein	NCBITaxon:9606	20210904	GO_Central	
UniProtKB	P11678	EPX		GO:0004601	PMID:21873635	IBA	PANTHER:PTN000158755|FB:FBgn0038465|RGD:1592081|MGI:MGI:97137|MGI:MGI:1923363|UniProtKB:P80025|WB:WBGene00009897|ZFIN:ZDB-GENE-030131-9460|UniProtKB:A0A287AZ10|dictyBase:DDB_G0277275|MGI:MGI:107569|UniProtKB:P05164|WB:WBGene00022743|UniProtKB:P22079|UniProtKB:Q92626|FB:FBgn0004577	F	Eosinophil peroxidase	EPER|EPO|EPP	protein	NCBITaxon:9606	20210904	GO_Central	
UniProtKB	Q86VQ3	TXNDC2		GO:0004791	PMID:11399755	IDA		F	Thioredoxin domain-containing protein 2	SPTRX|SPTRX1	protein	NCBITaxon:9606	20060724	UniProt	
UniProtKB	P78417	GSTO1		GO:0045174	PMID:11511179	IDA		F	Glutathione S-transferase omega-1	GSTTLP28	protein	NCBITaxon:9606	20111208	UniProt	
UniProtKB	P78417	GSTO1		GO:0045174	PMID:21873635	IBA	PANTHER:PTN000883725|UniProtKB:P78417|FB:FBgn0035904|FB:FBgn0086348|UniProtKB:Q9H4Y5|FB:FBgn0035906|RGD:70952|FB:FBgn0035907|WB:WBGene00016204	F	Glutathione S-transferase omega-1	GSTTLP28	protein	NCBITaxon:9606	20170228	GO_Central	
UniProtKB	Q9BYN0	SRXN1		GO:0032542	PMID:21873635	IBA	PANTHER:PTN000482398|PomBase:SPBC106.02c|SGD:S000001569	F	Sulfiredoxin-1	C20orf139|SRX|SRX1	protein	NCBITaxon:9606	20170228	GO_Central	
UniProtKB	P08263	GSTA1		GO:0004602	PMID:16624487	IDA		F	Glutathione S-transferase A1		protein	NCBITaxon:9606	20200117	BHF-UCL	CHEBI:91272|CHEBI:72639|GO:0043651
UniProtKB	P08294	SOD3		GO:0004784	PMID:21873635	IBA	PANTHER:PTN000000113|dictyBase:DDB_G0267420|SGD:S000003865|CGD:CAL0000188676|UniProtKB:P00442|CGD:CAL0000184565|UniProtKB:P0AGD1|RGD:3731|dictyBase:DDB_G0282993|UniProtKB:P9WGE9|FB:FBgn0003462|MGI:MGI:98351|PomBase:SPAC821.10c|WB:WBGene00004933|WB:WBGene00004930|RGD:3733|FB:FBgn0033631|UniProtKB:A0A1D8PLJ3|TAIR:locus:2046168|TAIR:locus:2025595|ZFIN:ZDB-GENE-990415-258|MGI:MGI:103181|UniProtKB:P00441	F	Extracellular superoxide dismutase [Cu-Zn]		protein	NCBITaxon:9606	20200807	GO_Central	
UniProtKB	A1KZ92	PXDNL		GO:0004601	GO_REF:0000024	ISS	UniProtKB:Q92626	F	Peroxidasin-like protein	VPO2	protein	NCBITaxon:9606	20091207	UniProt	
UniProtKB	A1KZ92	PXDNL		GO:0004601	PMID:21873635	IBA	PANTHER:PTN000158755|FB:FBgn0038465|RGD:1592081|MGI:MGI:97137|MGI:MGI:1923363|UniProtKB:P80025|WB:WBGene00009897|ZFIN:ZDB-GENE-030131-9460|UniProtKB:A0A287AZ10|dictyBase:DDB_G0277275|MGI:MGI:107569|UniProtKB:P05164|WB:WBGene00022743|UniProtKB:P22079|UniProtKB:Q92626|FB:FBgn0004577	F	Peroxidasin-like protein	VPO2	protein	NCBITaxon:9606	20210904	GO_Central	
UniProtKB	Q15493	RGN		GO:1901671	GO_REF:0000107	IEA	UniProtKB:Q03336|ensembl:ENSRNOP00000010984	P	Regucalcin	SMP30	protein	NCBITaxon:9606	20210612	Ensembl	
UniProtKB	P36969	GPX4		GO:0004602	PMID:17630701	IMP		F	Phospholipid hydroperoxide glutathione peroxidase		protein	NCBITaxon:9606	20170124	CAFA	
UniProtKB	P36969	GPX4		GO:0004601	PMID:21873635	IBA	PANTHER:PTN000173826|MGI:MGI:105102|UniProtKB:Q8I5T2|UniProtKB:P36969|UniProtKB:P22352|FB:FBgn0035438|UniProtKB:Q8TED1|SGD:S000001509|RGD:727780|TAIR:locus:2031331|UniProtKB:Q96SL4|MGI:MGI:106609|UniProtKB:P00435|UniProtKB:Q6JAH6|RGD:2729|SGD:S000001476|RGD:69226|MGI:MGI:104887|SGD:S000000448|MGI:MGI:104767|UniProtKB:P07203|RGD:69224	F	Phospholipid hydroperoxide glutathione peroxidase		protein	NCBITaxon:9606	20200929	GO_Central	
UniProtKB	P36969	GPX4		GO:0004602	PMID:21873635	IBA	PANTHER:PTN000904410|MGI:MGI:104767|UniProtKB:P36969|RGD:69226	F	Phospholipid hydroperoxide glutathione peroxidase		protein	NCBITaxon:9606	20181129	GO_Central	
UniProtKB	P18283	GPX2		GO:0004602	PMID:21873635	IBA	PANTHER:PTN000904512|MGI:MGI:104887|RGD:69224|RGD:727780|UniProtKB:P07203|MGI:MGI:106609|MGI:MGI:105102|UniProtKB:P00435|RGD:2729|UniProtKB:P22352	F	Glutathione peroxidase 2		protein	NCBITaxon:9606	20181129	GO_Central	
UniProtKB	P18283	GPX2		GO:0004601	PMID:21873635	IBA	PANTHER:PTN000173826|MGI:MGI:105102|UniProtKB:Q8I5T2|UniProtKB:P36969|UniProtKB:P22352|FB:FBgn0035438|UniProtKB:Q8TED1|SGD:S000001509|RGD:727780|TAIR:locus:2031331|UniProtKB:Q96SL4|MGI:MGI:106609|UniProtKB:P00435|UniProtKB:Q6JAH6|RGD:2729|SGD:S000001476|RGD:69226|MGI:MGI:104887|SGD:S000000448|MGI:MGI:104767|UniProtKB:P07203|RGD:69224	F	Glutathione peroxidase 2		protein	NCBITaxon:9606	20200929	GO_Central	
UniProtKB	Q5S007	LRRK2		GO:0036479	PMID:21850687	IDA		F	Leucine-rich repeat serine/threonine-protein kinase 2	PARK8	protein	NCBITaxon:9606	20140731	ParkinsonsUK-UCL	UniProtKB:P30048
UniProtKB	Q5S007	LRRK2		GO:1903125	PMID:21850687	IDA		P	Leucine-rich repeat serine/threonine-protein kinase 2	PARK8	protein	NCBITaxon:9606	20140706	ParkinsonsUK-UCL	UniProtKB:P30048
UniProtKB	Q5S007	LRRK2		GO:2000469	GO_REF:0000108	IEA	GO:0036479	P	Leucine-rich repeat serine/threonine-protein kinase 2	PARK8	protein	NCBITaxon:9606	20210613	GOC	
UniProtKB	Q8TED1	GPX8		GO:0004601	PMID:21215271	EXP		F	Probable glutathione peroxidase 8	UNQ847/PRO1785	protein	NCBITaxon:9606	20200515	Reactome	
UniProtKB	Q8TED1	GPX8		GO:0004602	GO_REF:0000003	IEA	EC:1.11.1.9	F	Probable glutathione peroxidase 8	UNQ847/PRO1785	protein	NCBITaxon:9606	20210612	UniProt	
UniProtKB	Q8TED1	GPX8		GO:0004602	GO_REF:0000116	IEA	RHEA:16833	F	Probable glutathione peroxidase 8	UNQ847/PRO1785	protein	NCBITaxon:9606	20210612	RHEA	
UniProtKB	Q8TED1	GPX8		GO:0004601	PMID:21873635	IBA	PANTHER:PTN000173826|MGI:MGI:105102|UniProtKB:Q8I5T2|UniProtKB:P36969|UniProtKB:P22352|FB:FBgn0035438|UniProtKB:Q8TED1|SGD:S000001509|RGD:727780|TAIR:locus:2031331|UniProtKB:Q96SL4|MGI:MGI:106609|UniProtKB:P00435|UniProtKB:Q6JAH6|RGD:2729|SGD:S000001476|RGD:69226|MGI:MGI:104887|SGD:S000000448|MGI:MGI:104767|UniProtKB:P07203|RGD:69224	F	Probable glutathione peroxidase 8	UNQ847/PRO1785	protein	NCBITaxon:9606	20200929	GO_Central	
UniProtKB	P01375	TNF		GO:1901671	PMID:22836756	IDA		P	Tumor necrosis factor	TNFA|TNFSF2	protein	NCBITaxon:9606	20151125	BHF-UCL	UniProtKB:P04179
UniProtKB	P10620	MGST1		GO:0004602	PMID:20727966	IDA		F	Microsomal glutathione S-transferase 1	GST12|MGST	protein	NCBITaxon:9606	20140129	UniProt	
UniProtKB	P28161	GSTM2		GO:0004602	PMID:16624487	IDA		F	Glutathione S-transferase Mu 2	GST4	protein	NCBITaxon:9606	20200117	BHF-UCL	CHEBI:91272|CHEBI:72639|GO:0043651
UniProtKB	Q99735	MGST2		GO:0004602	PMID:23409838	IDA		F	Microsomal glutathione S-transferase 2	GST2	protein	NCBITaxon:9606	20170804	BHF-UCL	
UniProtKB	Q99735	MGST2		GO:0004602	PMID:9278457	IDA		F	Microsomal glutathione S-transferase 2	GST2	protein	NCBITaxon:9606	20170804	BHF-UCL	CHEBI:91268
UniProtKB	Q99735	MGST2		GO:0004602	PMID:21873635	IBA	PANTHER:PTN000028575|RGD:1306373|RGD:1311218|UniProtKB:O14880|UniProtKB:Q99735	F	Microsomal glutathione S-transferase 2	GST2	protein	NCBITaxon:9606	20200807	GO_Central	
UniProtKB	P68871	HBB	contributes_to	GO:0004601	PMID:19740759	IDA		F	Hemoglobin subunit beta		protein	NCBITaxon:9606	20110216	BHF-UCL	
UniProtKB	P68871	HBB	contributes_to	GO:0004601	PMID:21873635	IBA	PANTHER:PTN000154218|UniProtKB:P69905|UniProtKB:P68871	F	Hemoglobin subunit beta		protein	NCBITaxon:9606	20180413	GO_Central	
UniProtKB	Q99497	PARK7		GO:0051920	GO_REF:0000107	IEA	UniProtKB:Q99LX0|ensembl:ENSMUSP00000101299	F	Parkinson disease protein 7		protein	NCBITaxon:9606	20210612	Ensembl	
UniProtKB	Q99497	PARK7		GO:1901671	PMID:24567322	IDA		P	Parkinson disease protein 7		protein	NCBITaxon:9606	20151030	ParkinsonsUK-UCL	CHEBI:23378|UniProtKB:P00441
UniProtKB	O15247	CLIC2		GO:0004602	PMID:15147738	IDA		F	Chloride intracellular channel protein 2		protein	NCBITaxon:9606	20121220	BHF-UCL	
UniProtKB	Q13162	PRDX4		GO:0008379	PMID:9388242	TAS		F	Peroxiredoxin-4		protein	NCBITaxon:9606	20030904	PINC	
UniProtKB	Q13162	PRDX4		GO:0008379	PMID:21873635	IBA	PANTHER:PTN000073874|SGD:S000002861|UniProtKB:P0CU34|UniProtKB:Q8IL80|FB:FBgn0040309|WB:F09E5.15c|CGD:CAL0000174369|UniProtKB:Q06830|UniProtKB:P32119|SGD:S000004490|PomBase:SPCC576.03c|UniProtKB:Q8I5Q6	F	Peroxiredoxin-4		protein	NCBITaxon:9606	20210903	GO_Central	
UniProtKB	P09211	GSTP1		GO:0004602	PMID:16624487	IDA		F	Glutathione S-transferase P	FAEES3|GST3	protein	NCBITaxon:9606	20200117	BHF-UCL	CHEBI:91272|CHEBI:72639|GO:0043651
UniProtKB	Q9BRA2	TXNDC17		GO:0004601	PMID:14607844	IDA		F	Thioredoxin domain-containing protein 17	TXNL5	protein	NCBITaxon:9606	20080625	UniProt	
UniProtKB	Q9NTG7	SIRT3		GO:1901671	PMID:25210848	IDA		P	NAD-dependent protein deacetylase sirtuin-3, mitochondrial	SIR2L3	protein	NCBITaxon:9606	20160302	CACAO	
UniProtKB	Q9NTG7	SIRT3		GO:1902553	PMID:25210848	IDA		P	NAD-dependent protein deacetylase sirtuin-3, mitochondrial	SIR2L3	protein	NCBITaxon:9606	20160302	CACAO	
UniProtKB	P09105	HBQ1	contributes_to	GO:0004601	PMID:21873635	IBA	PANTHER:PTN000154218|UniProtKB:P69905|UniProtKB:P68871	F	Hemoglobin subunit theta-1		protein	NCBITaxon:9606	20180413	GO_Central	
UniProtKB	O14880	MGST3		GO:0004602	PMID:9278457	IDA		F	Microsomal glutathione S-transferase 3		protein	NCBITaxon:9606	20170804	BHF-UCL	CHEBI:91268
UniProtKB	O14880	MGST3		GO:0004602	PMID:21873635	IBA	PANTHER:PTN000028575|RGD:1306373|RGD:1311218|UniProtKB:O14880|UniProtKB:Q99735	F	Microsomal glutathione S-transferase 3		protein	NCBITaxon:9606	20200807	GO_Central	
UniProtKB	P04179	SOD2		GO:0004784	PMID:12551919	IDA		F	Superoxide dismutase [Mn], mitochondrial		protein	NCBITaxon:9606	20130617	BHF-UCL	
UniProtKB	P04179	SOD2		GO:0004784	PMID:14980699	IDA		F	Superoxide dismutase [Mn], mitochondrial		protein	NCBITaxon:9606	20040607	UniProt	
UniProtKB	P04179	SOD2		GO:0004784	PMID:19265433	IDA		F	Superoxide dismutase [Mn], mitochondrial		protein	NCBITaxon:9606	20090603	UniProt	
UniProtKB	P04179	SOD2		GO:0004784	PMID:21873635	IBA	PANTHER:PTN000150074|WB:WBGene00004932|UniProtKB:P9WGE7|TAIR:locus:2085552|PomBase:SPAC1486.01|UniProtKB:P04179|MGI:MGI:98352|SGD:S000001050|ZFIN:ZDB-GENE-030131-7742|WB:WBGene00004931|UniProtKB:P09233|UniProtKB:A0A1D8PQH5|RGD:3732|CGD:CAL0000191321	F	Superoxide dismutase [Mn], mitochondrial		protein	NCBITaxon:9606	20210529	GO_Central	
UniProtKB	Q96SL4	GPX7		GO:0004096	PMID:22157330	IDA		F	Glutathione peroxidase 7	GPX6|UNQ469/PRO828	protein	NCBITaxon:9606	20140404	CACAO	
UniProtKB	Q96SL4	GPX7		GO:0004601	PMID:21215271	EXP		F	Glutathione peroxidase 7	GPX6|UNQ469/PRO828	protein	NCBITaxon:9606	20200515	Reactome	
UniProtKB	Q96SL4	GPX7		GO:0004602	GO_REF:0000003	IEA	EC:1.11.1.9	F	Glutathione peroxidase 7	GPX6|UNQ469/PRO828	protein	NCBITaxon:9606	20210612	UniProt	
UniProtKB	Q96SL4	GPX7		GO:0004602	GO_REF:0000116	IEA	RHEA:16833	F	Glutathione peroxidase 7	GPX6|UNQ469/PRO828	protein	NCBITaxon:9606	20210612	RHEA	
UniProtKB	Q96SL4	GPX7		GO:0004601	PMID:21873635	IBA	PANTHER:PTN000173826|MGI:MGI:105102|UniProtKB:Q8I5T2|UniProtKB:P36969|UniProtKB:P22352|FB:FBgn0035438|UniProtKB:Q8TED1|SGD:S000001509|RGD:727780|TAIR:locus:2031331|UniProtKB:Q96SL4|MGI:MGI:106609|UniProtKB:P00435|UniProtKB:Q6JAH6|RGD:2729|SGD:S000001476|RGD:69226|MGI:MGI:104887|SGD:S000000448|MGI:MGI:104767|UniProtKB:P07203|RGD:69224	F	Glutathione peroxidase 7	GPX6|UNQ469/PRO828	protein	NCBITaxon:9606	20200929	GO_Central	
UniProtKB	P04040	CAT		GO:0004096	PMID:16644728	IDA		F	Catalase		protein	NCBITaxon:9606	20080508	UniProt	
UniProtKB	P04040	CAT		GO:0004096	PMID:18312938	IDA		F	Catalase		protein	NCBITaxon:9606	20080508	UniProt	
UniProtKB	P04040	CAT		GO:0004096	PMID:18379038	IDA		F	Catalase		protein	NCBITaxon:9606	20080430	UniProt	
UniProtKB	P04040	CAT		GO:0004096	PMID:21873635	IBA	PANTHER:PTN000157250|PomBase:SPCC757.07c|UniProtKB:P04040|WB:WBGene00000830|UniProtKB:Q0E4K1|UniProtKB:Q10S82|UniProtKB:P00432|UniProtKB:P17598|UniProtKB:P18122|UniProtKB:O13289|FB:FBgn0000261|RGD:2279|UniProtKB:P30567|SGD:S000003320|UniProtKB:O52762|dictyBase:DDB_G0274595|WB:WBGene00000831|MGI:MGI:88271|UniProtKB:P12365|UniProtKB:P18123|UniProtKB:Q59337|TAIR:locus:2131591|SGD:S000002664|UniProtKB:Q0D9C4	F	Catalase		protein	NCBITaxon:9606	20200807	GO_Central	
UniProtKB	Q6DKJ4	NXN		GO:0004791	GO_REF:0000107	IEA	UniProtKB:P97346|ensembl:ENSMUSP00000021204	F	Nucleoredoxin	NRX	protein	NCBITaxon:9606	20210612	Ensembl	
UniProtKB	Q5T011	SZT2		GO:1901668	PMID:20045724	ISS	UniProtKB:A2A9C3	P	KICSTOR complex protein SZT2	C1orf84|KIAA0467	protein	NCBITaxon:9606	20131108	UniProt	
UniProtKB	O75715	GPX5		GO:0004602	Reactome:R-HSA-6799695	TAS		F	Epididymal secretory glutathione peroxidase		protein	NCBITaxon:9606	20210217	Reactome	
UniProtKB	O75715	GPX5		GO:0004602	PMID:21873635	IBA	PANTHER:PTN000904512|MGI:MGI:104887|RGD:69224|RGD:727780|UniProtKB:P07203|MGI:MGI:106609|MGI:MGI:105102|UniProtKB:P00435|RGD:2729|UniProtKB:P22352	F	Epididymal secretory glutathione peroxidase		protein	NCBITaxon:9606	20181129	GO_Central	
UniProtKB	O75715	GPX5		GO:0004601	PMID:21873635	IBA	PANTHER:PTN000173826|MGI:MGI:105102|UniProtKB:Q8I5T2|UniProtKB:P36969|UniProtKB:P22352|FB:FBgn0035438|UniProtKB:Q8TED1|SGD:S000001509|RGD:727780|TAIR:locus:2031331|UniProtKB:Q96SL4|MGI:MGI:106609|UniProtKB:P00435|UniProtKB:Q6JAH6|RGD:2729|SGD:S000001476|RGD:69226|MGI:MGI:104887|SGD:S000000448|MGI:MGI:104767|UniProtKB:P07203|RGD:69224	F	Epididymal secretory glutathione peroxidase		protein	NCBITaxon:9606	20200929	GO_Central	
UniProtKB	P59796	GPX6		GO:0004602	PMID:21873635	IBA	PANTHER:PTN000904512|MGI:MGI:104887|RGD:69224|RGD:727780|UniProtKB:P07203|MGI:MGI:106609|MGI:MGI:105102|UniProtKB:P00435|RGD:2729|UniProtKB:P22352	F	Glutathione peroxidase 6		protein	NCBITaxon:9606	20181129	GO_Central	
UniProtKB	P59796	GPX6		GO:0004601	PMID:21873635	IBA	PANTHER:PTN000173826|MGI:MGI:105102|UniProtKB:Q8I5T2|UniProtKB:P36969|UniProtKB:P22352|FB:FBgn0035438|UniProtKB:Q8TED1|SGD:S000001509|RGD:727780|TAIR:locus:2031331|UniProtKB:Q96SL4|MGI:MGI:106609|UniProtKB:P00435|UniProtKB:Q6JAH6|RGD:2729|SGD:S000001476|RGD:69226|MGI:MGI:104887|SGD:S000000448|MGI:MGI:104767|UniProtKB:P07203|RGD:69224	F	Glutathione peroxidase 6		protein	NCBITaxon:9606	20200929	GO_Central	
UniProtKB	P02042	HBD	contributes_to	GO:0004601	PMID:21873635	IBA	PANTHER:PTN000154218|UniProtKB:P69905|UniProtKB:P68871	F	Hemoglobin subunit delta		protein	NCBITaxon:9606	20180413	GO_Central	
UniProtKB	P02008	HBZ	contributes_to	GO:0004601	PMID:21873635	IBA	PANTHER:PTN000154218|UniProtKB:P69905|UniProtKB:P68871	F	Hemoglobin subunit zeta	HBZ2	protein	NCBITaxon:9606	20180413	GO_Central	
UniProtKB	P02100	HBE1	contributes_to	GO:0004601	PMID:21873635	IBA	PANTHER:PTN000154218|UniProtKB:P69905|UniProtKB:P68871	F	Hemoglobin subunit epsilon	HBE	protein	NCBITaxon:9606	20180413	GO_Central	
UniProtKB	Q9H4Y5	GSTO2		GO:0045174	PMID:15970797	IDA		F	Glutathione S-transferase omega-2		protein	NCBITaxon:9606	20111208	UniProt	
UniProtKB	Q9H4Y5	GSTO2		GO:0045174	PMID:21873635	IBA	PANTHER:PTN000883725|UniProtKB:P78417|FB:FBgn0035904|FB:FBgn0086348|UniProtKB:Q9H4Y5|FB:FBgn0035906|RGD:70952|FB:FBgn0035907|WB:WBGene00016204	F	Glutathione S-transferase omega-2		protein	NCBITaxon:9606	20170228	GO_Central	
UniProtKB	P69905	HBA1	contributes_to	GO:0004601	PMID:19740759	IDA		F	Hemoglobin subunit alpha	HBA2	protein	NCBITaxon:9606	20110216	BHF-UCL	
UniProtKB	P69905	HBA1	contributes_to	GO:0004601	PMID:21873635	IBA	PANTHER:PTN000154218|UniProtKB:P69905|UniProtKB:P68871	F	Hemoglobin subunit alpha	HBA2	protein	NCBITaxon:9606	20180413	GO_Central	
UniProtKB	Q9NNW7	TXNRD2		GO:0004791	GO_REF:0000024	ISS	UniProtKB:Q9Z0J5	F	Thioredoxin reductase 2, mitochondrial	KIAA1652|TRXR2	protein	NCBITaxon:9606	20041006	UniProt	
UniProtKB	Q9NNW7	TXNRD2		GO:0004791	PMID:21873635	IBA	PANTHER:PTN001487220|RGD:61959|FB:FBgn0020653|MGI:MGI:1354175|WB:WBGene00014028|RGD:61960|MGI:MGI:2386711|FB:FBgn0037170|UniProtKB:Q9N2I8	F	Thioredoxin reductase 2, mitochondrial	KIAA1652|TRXR2	protein	NCBITaxon:9606	20170228	GO_Central	
UniProtKB	P69892	HBG2	contributes_to	GO:0004601	PMID:21873635	IBA	PANTHER:PTN000154218|UniProtKB:P69905|UniProtKB:P68871	F	Hemoglobin subunit gamma-2		protein	NCBITaxon:9606	20180413	GO_Central	
UniProtKB	P69891	HBG1	contributes_to	GO:0004601	PMID:21873635	IBA	PANTHER:PTN000154218|UniProtKB:P69905|UniProtKB:P68871	F	Hemoglobin subunit gamma-1	PRO2979	protein	NCBITaxon:9606	20180413	GO_Central	
UniProtKB	P07203	GPX1		GO:0004602	PMID:12829378	IDA		F	Glutathione peroxidase 1		protein	NCBITaxon:9606	20071108	BHF-UCL	
UniProtKB	P07203	GPX1		GO:0004602	PMID:21873635	IBA	PANTHER:PTN000904512|MGI:MGI:104887|RGD:69224|RGD:727780|UniProtKB:P07203|MGI:MGI:106609|MGI:MGI:105102|UniProtKB:P00435|RGD:2729|UniProtKB:P22352	F	Glutathione peroxidase 1		protein	NCBITaxon:9606	20181129	GO_Central	
UniProtKB	P07203	GPX1		GO:0004601	PMID:21873635	IBA	PANTHER:PTN000173826|MGI:MGI:105102|UniProtKB:Q8I5T2|UniProtKB:P36969|UniProtKB:P22352|FB:FBgn0035438|UniProtKB:Q8TED1|SGD:S000001509|RGD:727780|TAIR:locus:2031331|UniProtKB:Q96SL4|MGI:MGI:106609|UniProtKB:P00435|UniProtKB:Q6JAH6|RGD:2729|SGD:S000001476|RGD:69226|MGI:MGI:104887|SGD:S000000448|MGI:MGI:104767|UniProtKB:P07203|RGD:69224	F	Glutathione peroxidase 1		protein	NCBITaxon:9606	20200929	GO_Central	
UniProtKB	P07202	TPO		GO:0004447	GO_REF:0000003	IEA	EC:1.11.1.8	F	Thyroid peroxidase		protein	NCBITaxon:9606	20210612	UniProt	
UniProtKB	P07202	TPO		GO:0004601	Reactome:R-HSA-209815	TAS		F	Thyroid peroxidase		protein	NCBITaxon:9606	20200515	Reactome	
UniProtKB	P07202	TPO		GO:0004601	Reactome:R-HSA-209840	TAS		F	Thyroid peroxidase		protein	NCBITaxon:9606	20200515	Reactome	
UniProtKB	P07202	TPO		GO:0004601	Reactome:R-HSA-209925	TAS		F	Thyroid peroxidase		protein	NCBITaxon:9606	20200515	Reactome	
UniProtKB	P07202	TPO		GO:0004601	Reactome:R-HSA-209973	TAS		F	Thyroid peroxidase		protein	NCBITaxon:9606	20200515	Reactome	
UniProtKB	P07202	TPO		GO:0004601	Reactome:R-HSA-350901	TAS		F	Thyroid peroxidase		protein	NCBITaxon:9606	20200515	Reactome	
UniProtKB	P07202	TPO		GO:0004601	PMID:21873635	IBA	PANTHER:PTN000158755|FB:FBgn0038465|RGD:1592081|MGI:MGI:97137|MGI:MGI:1923363|UniProtKB:P80025|WB:WBGene00009897|ZFIN:ZDB-GENE-030131-9460|UniProtKB:A0A287AZ10|dictyBase:DDB_G0277275|MGI:MGI:107569|UniProtKB:P05164|WB:WBGene00022743|UniProtKB:P22079|UniProtKB:Q92626|FB:FBgn0004577	F	Thyroid peroxidase		protein	NCBITaxon:9606	20210904	GO_Central	
UniProtKB	Q8WWN9	IPCEF1		GO:0004601	PMID:11320098	ISS	UniProtKB:Q921A4	F	Interactor protein for cytohesin exchange factors 1	KIAA0403	protein	NCBITaxon:9606	20041006	UniProt	
UniProtKB	Q8WWM9	CYGB		GO:0004096	GO_REF:0000107	IEA	UniProtKB:Q921A4|ensembl:ENSRNOP00000016067	F	Cytoglobin	STAP	protein	NCBITaxon:9606	20210612	Ensembl	
UniProtKB	Q8WWM9	CYGB		GO:0004601	PMID:11320098	ISS	UniProtKB:Q921A4	F	Cytoglobin	STAP	protein	NCBITaxon:9606	20061120	UniProt	
UniProtKB	Q8WWM9	CYGB		GO:0047888	GO_REF:0000107	IEA	UniProtKB:Q921A4|ensembl:ENSRNOP00000016067	F	Cytoglobin	STAP	protein	NCBITaxon:9606	20210612	Ensembl	
UniProtKB	Q06830	PRDX1		GO:0004601	PMID:11986303	IDA		F	Peroxiredoxin-1	PAGA|PAGB|TDPX2	protein	NCBITaxon:9606	20080529	MGI	
UniProtKB	Q06830	PRDX1		GO:0004601	Reactome:R-HSA-5631885	TAS		F	Peroxiredoxin-1	PAGA|PAGB|TDPX2	protein	NCBITaxon:9606	20200515	Reactome	
UniProtKB	Q06830	PRDX1		GO:0008379	PMID:18606987	IDA		F	Peroxiredoxin-1	PAGA|PAGB|TDPX2	protein	NCBITaxon:9606	20090727	BHF-UCL	
UniProtKB	Q06830	PRDX1		GO:0008379	PMID:21873635	IBA	PANTHER:PTN000073874|SGD:S000002861|UniProtKB:P0CU34|UniProtKB:Q8IL80|FB:FBgn0040309|WB:F09E5.15c|CGD:CAL0000174369|UniProtKB:Q06830|UniProtKB:P32119|SGD:S000004490|PomBase:SPCC576.03c|UniProtKB:Q8I5Q6	F	Peroxiredoxin-1	PAGA|PAGB|TDPX2	protein	NCBITaxon:9606	20210903	GO_Central	
UniProtKB	Q16881	TXNRD1		GO:0004791	PMID:21873635	IBA	PANTHER:PTN001487220|RGD:61959|FB:FBgn0020653|MGI:MGI:1354175|WB:WBGene00014028|RGD:61960|MGI:MGI:2386711|FB:FBgn0037170|UniProtKB:Q9N2I8	F	Thioredoxin reductase 1, cytoplasmic	GRIM12|KDRF	protein	NCBITaxon:9606	20170228	GO_Central	
UniProtKB	Q16873	LTC4S		GO:0004602	PMID:21873635	IBA	PANTHER:PTN000028575|RGD:1306373|RGD:1311218|UniProtKB:O14880|UniProtKB:Q99735	F	Leukotriene C4 synthase		protein	NCBITaxon:9606	20200807	GO_Central	
UniProtKB	P32119	PRDX2		GO:0008379	PMID:18606987	TAS		F	Peroxiredoxin-2	NKEFB|TDPX1	protein	NCBITaxon:9606	20090727	BHF-UCL	
UniProtKB	P32119	PRDX2		GO:0008379	PMID:8144038	IDA		F	Peroxiredoxin-2	NKEFB|TDPX1	protein	NCBITaxon:9606	20060419	UniProt	
UniProtKB	P32119	PRDX2		GO:0008379	PMID:21873635	IBA	PANTHER:PTN000073874|SGD:S000002861|UniProtKB:P0CU34|UniProtKB:Q8IL80|FB:FBgn0040309|WB:F09E5.15c|CGD:CAL0000174369|UniProtKB:Q06830|UniProtKB:P32119|SGD:S000004490|PomBase:SPCC576.03c|UniProtKB:Q8I5Q6	F	Peroxiredoxin-2	NKEFB|TDPX1	protein	NCBITaxon:9606	20210903	GO_Central	
UniProtKB	P30711	GSTT1		GO:0004602	PMID:9307035	IDA		F	Glutathione S-transferase theta-1		protein	NCBITaxon:9606	20100323	UniProt	
UniProtKB	P30711	GSTT1		GO:0004602	PMID:9434735	IDA		F	Glutathione S-transferase theta-1		protein	NCBITaxon:9606	20100323	UniProt	
UniProtKB	P00441	SOD1		GO:0004784	PMID:12551919	IDA		F	Superoxide dismutase [Cu-Zn]		protein	NCBITaxon:9606	20130617	BHF-UCL	
UniProtKB	P00441	SOD1		GO:0004784	PMID:15544046	IDA		F	Superoxide dismutase [Cu-Zn]		protein	NCBITaxon:9606	20070810	UniProt	
UniProtKB	P00441	SOD1		GO:0004784	PMID:17324120	IDA		F	Superoxide dismutase [Cu-Zn]		protein	NCBITaxon:9606	20070810	UniProt	
UniProtKB	P00441	SOD1		GO:0004784	PMID:24140062	IDA		F	Superoxide dismutase [Cu-Zn]		protein	NCBITaxon:9606	20131202	UniProt	
UniProtKB	P00441	SOD1		GO:0004784	PMID:24567322	IDA		F	Superoxide dismutase [Cu-Zn]		protein	NCBITaxon:9606	20140626	ParkinsonsUK-UCL	
UniProtKB	P00441	SOD1		GO:0004784	PMID:21873635	IBA	PANTHER:PTN000000113|dictyBase:DDB_G0267420|SGD:S000003865|CGD:CAL0000188676|UniProtKB:P00442|CGD:CAL0000184565|UniProtKB:P0AGD1|RGD:3731|dictyBase:DDB_G0282993|UniProtKB:P9WGE9|FB:FBgn0003462|MGI:MGI:98351|PomBase:SPAC821.10c|WB:WBGene00004933|WB:WBGene00004930|RGD:3733|FB:FBgn0033631|UniProtKB:A0A1D8PLJ3|TAIR:locus:2046168|TAIR:locus:2025595|ZFIN:ZDB-GENE-990415-258|MGI:MGI:103181|UniProtKB:P00441	F	Superoxide dismutase [Cu-Zn]		protein	NCBITaxon:9606	20200807	GO_Central	
UniProtKB	P00390	GSR		GO:0004362	PMID:21873635	IBA	PANTHER:PTN002448883|WB:WBGene00008117|UniProtKB:P06715|PomBase:SPBC17A3.07|CGD:CAL0000194377|dictyBase:DDB_G0272754|RGD:621747|MGI:MGI:95804|SGD:S000006012	F	Glutathione reductase, mitochondrial	GLUR|GRD1	protein	NCBITaxon:9606	20200809	GO_Central	
UniProtKB	O43708	GSTZ1		GO:0004602	PMID:9396740	TAS		F	Maleylacetoacetate isomerase	MAAI	protein	NCBITaxon:9606	20030904	PINC	
UniProtKB	P37840	SNCA		GO:1903284	PMID:23507046	IDA		P	Alpha-synuclein	NACP|PARK1	protein	NCBITaxon:9606	20140811	ParkinsonsUK-UCL	UniProtKB:P07203
UniProtKB	P22352	GPX3		GO:0004602	PMID:1897960	IDA		F	Glutathione peroxidase 3	GPXP	protein	NCBITaxon:9606	20060228	UniProt	
UniProtKB	P22352	GPX3		GO:0004602	PMID:3693360	IDA		F	Glutathione peroxidase 3	GPXP	protein	NCBITaxon:9606	20060228	UniProt	
UniProtKB	P22352	GPX3		GO:0004601	PMID:21873635	IBA	PANTHER:PTN000173826|MGI:MGI:105102|UniProtKB:Q8I5T2|UniProtKB:P36969|UniProtKB:P22352|FB:FBgn0035438|UniProtKB:Q8TED1|SGD:S000001509|RGD:727780|TAIR:locus:2031331|UniProtKB:Q96SL4|MGI:MGI:106609|UniProtKB:P00435|UniProtKB:Q6JAH6|RGD:2729|SGD:S000001476|RGD:69226|MGI:MGI:104887|SGD:S000000448|MGI:MGI:104767|UniProtKB:P07203|RGD:69224	F	Glutathione peroxidase 3	GPXP	protein	NCBITaxon:9606	20200929	GO_Central	
UniProtKB	P22352	GPX3		GO:0004602	PMID:21873635	IBA	PANTHER:PTN000904512|MGI:MGI:104887|RGD:69224|RGD:727780|UniProtKB:P07203|MGI:MGI:106609|MGI:MGI:105102|UniProtKB:P00435|RGD:2729|UniProtKB:P22352	F	Glutathione peroxidase 3	GPXP	protein	NCBITaxon:9606	20181129	GO_Central	
UniProtKB	P22079	LPO		GO:0036393	PMID:12626341	IDA		F	Lactoperoxidase	SAPX	protein	NCBITaxon:9606	20130822	UniProt	
UniProtKB	P22079	LPO		GO:0004601	PMID:21873635	IBA	PANTHER:PTN000158755|FB:FBgn0038465|RGD:1592081|MGI:MGI:97137|MGI:MGI:1923363|UniProtKB:P80025|WB:WBGene00009897|ZFIN:ZDB-GENE-030131-9460|UniProtKB:A0A287AZ10|dictyBase:DDB_G0277275|MGI:MGI:107569|UniProtKB:P05164|WB:WBGene00022743|UniProtKB:P22079|UniProtKB:Q92626|FB:FBgn0004577	F	Lactoperoxidase	SAPX	protein	NCBITaxon:9606	20210904	GO_Central	
UniProtKB	P22079	LPO		GO:0036393	PMID:21873635	IBA	PANTHER:PTN000158771|UniProtKB:P22079|UniProtKB:P80025	F	Lactoperoxidase	SAPX	protein	NCBITaxon:9606	20170228	GO_Central	
UniProtKB	Q9Y2Q3	GSTK1		GO:0004602	PMID:14742434	IDA		F	Glutathione S-transferase kappa 1	HDCMD47P	protein	NCBITaxon:9606	20120423	UniProt	
UniProtKB	Q9Y2Q3	GSTK1		GO:0004602	PMID:21873635	IBA	PANTHER:PTN001016058|UniProtKB:Q9Y2Q3|MGI:MGI:1923513	F	Glutathione S-transferase kappa 1	HDCMD47P	protein	NCBITaxon:9606	20170420	GO_Central	
UniProtKB	Q9Y6P5	SESN1		GO:0051920	GO_REF:0000116	IEA	RHEA:10008	F	Sestrin-1	PA26|SEST1	protein	NCBITaxon:9606	20210612	RHEA	
UniProtKB	P10599	TXN		GO:0004791	Reactome:R-NUL-9617742	TAS		F	Thioredoxin	TRDX|TRX|TRX1	protein	NCBITaxon:9606	20210217	Reactome	
UniProtKB	P05164	MPO		GO:0004601	PMID:10772654	IDA		F	Myeloperoxidase		protein	NCBITaxon:9606	20090114	BHF-UCL	
UniProtKB	P05164	MPO		GO:0004601	PMID:11907569	IDA		F	Myeloperoxidase		protein	NCBITaxon:9606	20101104	MGI	
UniProtKB	P05164	MPO		GO:0004601	PMID:24035742	IDA		F	Myeloperoxidase		protein	NCBITaxon:9606	20130928	CACAO	
UniProtKB	P05164	MPO		GO:0004601	PMID:21873635	IBA	PANTHER:PTN000158755|FB:FBgn0038465|RGD:1592081|MGI:MGI:97137|MGI:MGI:1923363|UniProtKB:P80025|WB:WBGene00009897|ZFIN:ZDB-GENE-030131-9460|UniProtKB:A0A287AZ10|dictyBase:DDB_G0277275|MGI:MGI:107569|UniProtKB:P05164|WB:WBGene00022743|UniProtKB:P22079|UniProtKB:Q92626|FB:FBgn0004577	F	Myeloperoxidase		protein	NCBITaxon:9606	20210904	GO_Central	
UniProtKB	Q86VQ6	TXNRD3		GO:0004791	PMID:10455115	NAS		F	Thioredoxin reductase 3	TGR|TRXR3	protein	NCBITaxon:9606	20080417	UniProt	
UniProtKB	Q86VQ6	TXNRD3		GO:0004791	PMID:21873635	IBA	PANTHER:PTN001487220|RGD:61959|FB:FBgn0020653|MGI:MGI:1354175|WB:WBGene00014028|RGD:61960|MGI:MGI:2386711|FB:FBgn0037170|UniProtKB:Q9N2I8	F	Thioredoxin reductase 3	TGR|TRXR3	protein	NCBITaxon:9606	20170228	GO_Central	
UniProtKB	P35754	GLRX		GO:0004362	GO_REF:0000002	IEA	InterPro:IPR011767	F	Glutaredoxin-1	GRX	protein	NCBITaxon:9606	20210612	InterPro	
UniProtKB	Q9NRD8	DUOX2		GO:0004601	GO_REF:0000043	IEA	UniProtKB-KW:KW-0575	F	Dual oxidase 2	LNOX2|THOX2	protein	NCBITaxon:9606	20210612	UniProt	
UniProtKB	Q9NRD9	DUOX1		GO:0004601	GO_REF:0000043	IEA	UniProtKB-KW:KW-0575	F	Dual oxidase 1	DUOX|LNOX1|THOX1	protein	NCBITaxon:9606	20210612	UniProt	
UniProtKB	P35354	PTGS2		GO:0004601	PMID:14511332	NAS		F	Prostaglandin G/H synthase 2	COX2	protein	NCBITaxon:9606	20040220	UniProt	
UniProtKB	Q6B0K9	HBM	contributes_to	GO:0004601	PMID:21873635	IBA	PANTHER:PTN000154218|UniProtKB:P69905|UniProtKB:P68871	F	Hemoglobin subunit mu	HBAP2	protein	NCBITaxon:9606	20180413	GO_Central	
UniProtKB	P30048	PRDX3		GO:0008379	PMID:21850687	IDA		F	Thioredoxin-dependent peroxide reductase, mitochondrial	AOP1	protein	NCBITaxon:9606	20140618	ParkinsonsUK-UCL	
UniProtKB	P30048	PRDX3		GO:0008379	PMID:21873635	IBA	PANTHER:PTN002449977|SGD:S000001272|PomBase:SPBC1773.02c|UniProtKB:P30048|FB:FBgn0038519|UniProtKB:P0AE52	F	Thioredoxin-dependent peroxide reductase, mitochondrial	AOP1	protein	NCBITaxon:9606	20181029	GO_Central	
UniProtKB	P30044	PRDX5		GO:0004601	PMID:10521424	IDA		F	Peroxiredoxin-5, mitochondrial	ACR1|SBBI10	protein	NCBITaxon:9606	20060418	UniProt	
UniProtKB	P30044	PRDX5		GO:0008379	PMID:15280035	EXP		F	Peroxiredoxin-5, mitochondrial	ACR1|SBBI10	protein	NCBITaxon:9606	20200515	Reactome	
UniProtKB	P30044	PRDX5		GO:0008379	PMID:21873635	IBA	PANTHER:PTN001625584|FB:FBgn0038570|UniProtKB:Q5ASN8|TAIR:locus:2009709|UniProtKB:P30044|SGD:S000004099	F	Peroxiredoxin-5, mitochondrial	ACR1|SBBI10	protein	NCBITaxon:9606	20210529	GO_Central	
UniProtKB	P30041	PRDX6		GO:0004602	PMID:10893423	IMP		F	Peroxiredoxin-6	AOP2|KIAA0106	protein	NCBITaxon:9606	20180924	CAFA	
UniProtKB	P30041	PRDX6		GO:0008379	GO_REF:0000002	IEA	InterPro:IPR045020	F	Peroxiredoxin-6	AOP2|KIAA0106	protein	NCBITaxon:9606	20210612	InterPro	
UniProtKB	O14684	PTGES		GO:0004602	PMID:12244105	IDA		F	Prostaglandin E synthase	MGST1L1|MPGES1|PGES|PIG12	protein	NCBITaxon:9606	20200626	UniProt	
UniProtKB	P14416	DRD2		GO:0001591	PMID:8301582	IDA		F	D(2) dopamine receptor		protein	NCBITaxon:9606	20080902	BHF-UCL	
UniProtKB	P14416	DRD2		GO:0001591	PMID:21873635	IBA	PANTHER:PTN000664816|RGD:2520|WB:WBGene00020506|UniProtKB:P14416|MGI:MGI:94924|FB:FBgn0053517|UniProtKB:P35462|RGD:2521|MGI:MGI:94925	F	D(2) dopamine receptor		protein	NCBITaxon:9606	20200330	GO_Central	
UniProtKB	P21917	DRD4		GO:0001591	GO_REF:0000024	ISS	UniProtKB:P51436	F	D(4) dopamine receptor		protein	NCBITaxon:9606	20080903	BHF-UCL	
UniProtKB	P21917	DRD4		GO:0001591	PMID:1840645	IDA		F	D(4) dopamine receptor		protein	NCBITaxon:9606	20080903	BHF-UCL	
UniProtKB	P21917	DRD4		GO:0001591	PMID:27659709	IMP		F	D(4) dopamine receptor		protein	NCBITaxon:9606	20171113	UniProt	
UniProtKB	P21917	DRD4		GO:0001591	PMID:9003072	IDA		F	D(4) dopamine receptor		protein	NCBITaxon:9606	20171113	UniProt	
UniProtKB	Q9BRX2	PELO		GO:0070966	PMID:21873635	IBA	PANTHER:PTN000091436|TAIR:locus:2085465|TAIR:locus:2137732|SGD:S000004946	P	Protein pelota homolog	CGI-17	protein	NCBITaxon:9606	20200807	GO_Central	
UniProtKB	Q9ULM6	CNOT6		GO:0070966	PMID:15314026	IMP		P	CCR4-NOT transcription complex subunit 6	CCR4|CCR4a|KIAA1194	protein	NCBITaxon:9606	20130318	UniProt	
UniProtKB	O75534	CSDE1		GO:0070966	PMID:15314026	IMP		P	Cold shock domain-containing protein E1	D1S155E|KIAA0885|NRU|UNR	protein	NCBITaxon:9606	20130318	UniProt	
UniProtKB	P35462	DRD3		GO:0001591	GO_REF:0000024	ISS	UniProtKB:P19020	F	D(3) dopamine receptor		protein	NCBITaxon:9606	20080903	BHF-UCL	
UniProtKB	P35462	DRD3		GO:0001591	PMID:8301582	IDA		F	D(3) dopamine receptor		protein	NCBITaxon:9606	20080902	BHF-UCL	
UniProtKB	P35462	DRD3		GO:0001591	PMID:21873635	IBA	PANTHER:PTN000664816|RGD:2520|WB:WBGene00020506|UniProtKB:P14416|MGI:MGI:94924|FB:FBgn0053517|UniProtKB:P35462|RGD:2521|MGI:MGI:94925	F	D(3) dopamine receptor		protein	NCBITaxon:9606	20200330	GO_Central	
